<?xml version="1.0"?>
<config xmlns:xsi="http://www.w3.org/2001/XMLSchema-instance" xsi:noNamespaceSchemaLocation="../../../Config/etc/system_file.xsd">
    <system>
        <section id="payment">
            <group id="greenmoney" translate="label" type="text" sortOrder="100" showInDefault="1" showInWebsite="1" showInStore="1">
                <label>Greenmoney</label>
                <field id="active" translate="label" type="select" sortOrder="1" showInDefault="1" showInWebsite="1" showInStore="0">
                    <label>Enabled</label>
                    <source_model>Magento\Config\Model\Config\Source\Yesno</source_model>
                </field>
                <field id="title" translate="label" type="text" sortOrder="10" showInDefault="1" showInWebsite="1" showInStore="1">
                    <label>Title</label>
                </field>
                <field id="order_status" translate="label" type="select" sortOrder="20" showInDefault="1" showInWebsite="1" showInStore="0">
                    <label>New Order Status</label>
                    <source_model>Magento\Sales\Model\Config\Source\Order\Status\Processing</source_model>
                </field>
              
                <field id="allowspecific" translate="label" type="allowspecific" sortOrder="40" showInDefault="1" showInWebsite="1" showInStore="0">
                    <label>Payment from Applicable Countries</label>
                    <source_model>Magento\Payment\Model\Config\Source\Allspecificcountries</source_model>
                </field>
                <field id="specificcountry" translate="label" type="multiselect" sortOrder="41" showInDefault="1" showInWebsite="1" showInStore="0">
                    <label>Payment from Specific Countries</label>
                    <source_model>Magento\Directory\Model\Config\Source\Country</source_model>
                    <can_be_empty>1</can_be_empty>
                </field>
                <field id="Client_ID" type="obscure" translate="label" sortOrder="2" showInDefault="1" showInWebsite="1" showInStore="1">
                    <label>Client ID</label>
                </field>
				<field id="ApiPassword" type="obscure" translate="label" sortOrder="3" showInDefault="1" showInWebsite="1" showInStore="1">
                    <label>Api Password</label>
                </field>
				<!-- <field id="mode" translate="label" type="select" sortOrder="4" showInDefault="1" showInWebsite="1" showInStore="1">
					<label>Mode</label>
					<source_model>Greenmoney\Greenmoney\Model\Config\Source\Mode</source_model>
				</field> -->
				<field id="mode" translate="label" type="text" sortOrder="4" showInDefault="1" showInWebsite="1" showInStore="1">
					<label>Mode</label>
				</field> 
                <field id="sort_order" translate="label" type="text" sortOrder="100" showInDefault="1" showInWebsite="1" showInStore="0">
                    <label>Sort Order</label>
                    <frontend_class>validate-number</frontend_class>
                </field>
            </group>
        </section>
    </system>
</config>
