<?xml version="1.0"?>

<config xmlns:xsi="http://www.w3.org/2001/XMLSchema-instance" xsi:noNamespaceSchemaLocation="urn:magento:module:Magento_Config:etc/system_file.xsd">
    <system>
        <section id="payment">
            <group id="nmi_directpost" translate="label comment" type="text" sortOrder="310" showInDefault="1" showInWebsite="1" showInStore="1">
                <label>NMI Payment - Direct Post</label>
                <field id="active" translate="label" type="select" sortOrder="10" showInDefault="1" showInWebsite="1" showInStore="0">
                    <label>Enabled</label>
                    <source_model>Magento\Config\Model\Config\Source\Yesno</source_model>
                </field>
                <field id="title" translate="label" type="text" sortOrder="20" showInDefault="1" showInWebsite="1" showInStore="1">
                    <label>Title</label>
                </field>
                <field id="merchant_id" translate="label" type="text" sortOrder="30" showInDefault="1" showInWebsite="1" showInStore="0">
                    <label>Vantage Username</label>
                </field>
                <field id="api_secret_key" translate="label" type="obscure" sortOrder="50" showInDefault="1" showInWebsite="1" showInStore="0">
                    <label>Vantage Password</label>
                    <backend_model>Magento\Config\Model\Config\Backend\Encrypted</backend_model>
                </field>
                 <field id="merchant_id2" translate="label" type="text" sortOrder="60" showInDefault="1" showInWebsite="1" showInStore="0">
                    <label>T1 Username</label>
                </field>
                <field id="api_secret_key2" translate="label" type="obscure" sortOrder="70" showInDefault="1" showInWebsite="1" showInStore="0">
                    <label>T1 Password</label>
                    <backend_model>Magento\Config\Model\Config\Backend\Encrypted</backend_model>
                </field>
                <field id="cctypes" translate="label" type="multiselect" sortOrder="80" showInDefault="1" showInWebsite="1" showInStore="0">
                    <label>Credit Card Types</label>
                    <source_model>Magento\Payment\Model\Config\Source\Cctype</source_model>
                </field>
                <field id="payment_action" translate="label" type="select" sortOrder="90" showInDefault="1" showInWebsite="1" showInStore="0">
                    <label>Action</label>
                    <source_model>PL\Nmi\Model\Source\PaymentAction</source_model>
                </field>
                <field id="debug" translate="label" type="select" sortOrder="100" showInDefault="1" showInWebsite="1" showInStore="0">
                    <label>Debug</label>
                    <source_model>Magento\Config\Model\Config\Source\Yesno</source_model>
                </field>
                <field id="allowspecific" translate="label" type="allowspecific" sortOrder="120" showInDefault="1" showInWebsite="1" showInStore="0">
                    <label>Payment from Applicable Countries</label>
                    <source_model>Magento\Payment\Model\Config\Source\Allspecificcountries</source_model>
                </field>
                <field id="specificcountry" translate="label" type="multiselect" sortOrder="130" showInDefault="1" showInWebsite="1" showInStore="0">
                    <label>Payment from Specific Countries</label>
                    <source_model>Magento\Directory\Model\Config\Source\Country</source_model>
                </field>
                <field id="sort_order" translate="label" type="text" sortOrder="140" showInDefault="1" showInWebsite="1" showInStore="0">
                    <label>Sort Order</label>
                </field>
            </group>
        </section>
    </system>
</config>